SET NAMES utf8mb4;

CREATE DATABASE IF NOT EXISTS dw DEFAULT CHARACTER SET utf8mb4 COLLATE utf8mb4_general_ci;
GRANT ALL PRIVILEGES ON dw.* TO 'didilili'@'%';
USE dw;


DROP TABLE IF EXISTS dim_region;
CREATE TABLE dim_region
(
    region_id   VARCHAR(20) PRIMARY KEY,
    province    VARCHAR(50),
    region_name VARCHAR(50),
    country     VARCHAR(50)
);

INSERT INTO dim_region (region_id, province, region_name, country)
VALUES ('R001', '广东省', '华南', '中国'),
       ('R002', '浙江省', '华东', '中国'),
       ('R003', '四川省', '西南', '中国'),
       ('R004', '北京市', '华北', '中国'),
       ('R005', '上海市', '华东', '中国'),
       ('R006', '湖北省', '华中', '中国');


DROP TABLE IF EXISTS dim_customer;
CREATE TABLE dim_customer
(
    customer_id      VARCHAR(20) PRIMARY KEY,
    customer_name    VARCHAR(50),
    gender           VARCHAR(10),
    member_level     VARCHAR(20),
    age              INT,
    city             VARCHAR(50),
    register_channel VARCHAR(20)
);

INSERT INTO dim_customer (customer_id, customer_name, gender, member_level, age, city, register_channel)
VALUES ('C001', '李伟', '男', '黄金', 32, '广州市', '微信'),
       ('C002', '王芳', '女', '白银', 28, '杭州市', '抖音'),
       ('C003', '张敏', '女', '黄金', 35, '成都市', '淘宝'),
       ('C004', '刘洋', '男', '青铜', 22, '北京市', '京东'),
       ('C005', '陈静', '女', '铂金', 40, '上海市', '微信'),
       ('C006', '赵磊', '男', '白银', 30, '杭州市', '小红书'),
       ('C007', '黄秀英', '女', '青铜', 55, '武汉市', '微信'),
       ('C008', '吴斌', '男', '黄金', 45, '北京市', '淘宝'),
       ('C009', '周燕', '女', '铂金', 38, '上海市', '微信'),
       ('C010', '徐浩', '男', '白银', 26, '杭州市', '抖音'),
       ('C011', '孙丽', '女', '黄金', 33, '广州市', '淘宝'),
       ('C012', '马强', '男', '青铜', 24, '成都市', '京东'),
       ('C013', '朱玲', '女', '白银', 29, '杭州市', '小红书'),
       ('C014', '胡杰', '男', '黄金', 42, '广州市', '微信'),
       ('C015', '高梅', '女', '铂金', 36, '上海市', '淘宝'),
       ('C016', '林峰', '男', '青铜', 21, '北京市', '抖音'),
       ('C017', '何娜', '女', '白银', 27, '武汉市', '京东'),
       ('C018', '郭涛', '男', '黄金', 48, '北京市', '微信'),
       ('C019', '邓慧', '女', '青铜', 50, '成都市', '淘宝'),
       ('C020', '曹瑞', '男', '铂金', 39, '上海市', '微信');


DROP TABLE IF EXISTS dim_supplier;
CREATE TABLE dim_supplier
(
    supplier_id       VARCHAR(20) PRIMARY KEY,
    supplier_name     VARCHAR(100),
    contact_person    VARCHAR(50),
    supplier_city     VARCHAR(50),
    rating            INT,
    cooperation_years INT
);

INSERT INTO dim_supplier (supplier_id, supplier_name, contact_person, supplier_city, rating, cooperation_years)
VALUES ('SUP01', '苹果中国供应链有限公司', '陈明', '深圳市', 5, 10),
       ('SUP02', '三星电子中国采购中心', '金秀贤', '苏州市', 5, 8),
       ('SUP03', '华为终端供应链管理公司', '任正凡', '东莞市', 5, 12),
       ('SUP04', '高端家电供应集团', '方洪波', '佛山市', 4, 15),
       ('SUP05', '运动品牌供应联盟', '张伟强', '上海市', 5, 15),
       ('SUP06', '快时尚服饰供应链', '刘文辉', '广州市', 3, 5),
       ('SUP07', '雀巢中国供应链公司', '王德明', '北京市', 4, 18),
       ('SUP08', '蒙牛乳业供应链公司', '卢敏放', '呼和浩特市', 4, 10),
       ('SUP09', '百事食品中国供应链', '陈志华', '上海市', 4, 12),
       ('SUP10', '亿滋中国供应链公司', '范思哲', '北京市', 4, 15),
       ('SUP11', '亚马逊中国供应链', '张艾瑞', '深圳市', 4, 8),
       ('SUP12', 'Instant Pot供应链公司', '李建国', '杭州市', 3, 6),
       ('SUP13', '欧莱雅中国供应链', '周雅琴', '上海市', 5, 20),
       ('SUP14', '母婴用品供应联盟', '林晓芳', '杭州市', 4, 7),
       ('SUP15', '运动户外供应链', '马建国', '北京市', 4, 9),
       ('SUP16', '图书文具供应集团', '孙文杰', '上海市', 3, 6);


DROP TABLE IF EXISTS dim_product;
CREATE TABLE dim_product
(
    product_id     VARCHAR(20) PRIMARY KEY,
    product_name   VARCHAR(200),
    category       VARCHAR(50),
    brand          VARCHAR(50),
    supplier_id    VARCHAR(20),
    stock_quantity INT
);

INSERT INTO dim_product (product_id, product_name, category, brand, supplier_id, stock_quantity)
VALUES ('P001', 'iPhone 15 Pro', '手机数码', '苹果', 'SUP01', 150),
       ('P002', 'Galaxy S24 Ultra', '手机数码', '三星', 'SUP02', 200),
       ('P003', 'Mate 60 Pro', '手机数码', '华为', 'SUP03', 120),
       ('P004', '戴森 V15 吸尘器', '家用电器', '戴森', 'SUP04', 80),
       ('P005', '美的空调 KFR-35GW', '家用电器', '美的', 'SUP04', 100),
       ('P006', '耐克 Air Max 270 运动鞋', '鞋靴', '耐克', 'SUP05', 300),
       ('P007', '阿迪达斯 Ultraboost 跑鞋', '鞋靴', '阿迪达斯', 'SUP05', 250),
       ('P008', '优衣库 Heattech 保暖夹克', '服饰', '优衣库', 'SUP06', 400),
       ('P009', '李维斯 501 牛仔裤', '服饰', '李维斯', 'SUP06', 350),
       ('P010', '雀巢金牌速溶咖啡', '食品饮料', '雀巢', 'SUP07', 800),
       ('P011', '蒙牛纯牛奶 250ml*12', '食品饮料', '蒙牛', 'SUP08', 600),
       ('P012', '乐事原味薯片 150g', '休闲零食', '乐事', 'SUP09', 500),
       ('P013', '奥利奥巧克力夹心饼干', '休闲零食', '奥利奥', 'SUP10', 450),
       ('P014', 'Kindle Paperwhite 电子书', '手机数码', '亚马逊', 'SUP11', 180),
       ('P015', 'Instant Pot 多功能电压力锅', '家用电器', 'Instant Pot', 'SUP12', 90);


DROP TABLE IF EXISTS dim_promotion;
CREATE TABLE dim_promotion
(
    promotion_id   VARCHAR(20) PRIMARY KEY,
    promotion_name VARCHAR(100),
    promotion_type VARCHAR(20),
    discount_rate  DECIMAL(3,2),
    min_amount     DECIMAL(10,2),
    start_date_id  INT,
    end_date_id    INT
);

INSERT INTO dim_promotion (promotion_id, promotion_name, promotion_type, discount_rate, min_amount, start_date_id, end_date_id)
VALUES
    -- 2024 年活动
    ('PROM2401', '2024年货节满300减50', '满减', 0.00, 300.00, 20240115, 20240205),
    ('PROM2402', '2024情人节美妆秒杀', '秒杀', 0.40, 0, 20240214, 20240214),
    ('PROM2403', '2024三八女神节美妆9折', '折扣', 0.10, 0, 20240301, 20240308),
    ('PROM2404', '2024春季焕新运动户外85折', '折扣', 0.15, 0, 20240315, 20240415),
    ('PROM2405', '2024吃货节零食满99减20', '满减', 0.00, 99.00, 20240501, 20240515),
    ('PROM2406', '2024五一假期消费券', '优惠券', 0.10, 0, 20240501, 20240505),
    ('PROM2407', '2024六一儿童节母婴满200减40', '满减', 0.00, 200.00, 20240525, 20240603),
    ('PROM2408', '2024年618母婴品类满减', '满减', 0.00, 400.00, 20240601, 20240618),
    ('PROM2409', '2024年618全场8折', '折扣', 0.20, 0, 20240601, 20240618),
    ('PROM2410', '2024清凉一夏饮料满50减10', '满减', 0.00, 50.00, 20240701, 20240731),
    ('PROM2411', '2024七夕情人节美妆秒杀', '秒杀', 0.40, 0, 20240810, 20240810),
    ('PROM2412', '2024开学季图书文具满200减30', '满减', 0.00, 200.00, 20240825, 20240915),
    ('PROM2413', '2024国庆黄金周消费券', '优惠券', 0.15, 100.00, 20241001, 20241007),
    ('PROM2414', '2024双11预售定金膨胀', '折扣', 0.30, 0, 20241020, 20241110),
    ('PROM2415', '2024双11狂欢秒杀', '秒杀', 0.50, 0, 20241111, 20241111),
    ('PROM2416', '2024双12满500减100', '满减', 0.00, 500.00, 20241210, 20241212),
    ('PROM2417', '2024年终大促家电满1000减150', '满减', 0.00, 1000.00, 20241220, 20241231),
    -- 2025 年活动
    ('PROM2501', '2025年货节满300减50', '满减', 0.00, 300.00, 20250115, 20250205),
    ('PROM2502', '2025情人节美妆秒杀', '秒杀', 0.40, 0, 20250214, 20250214),
    ('PROM2503', '2025三八女神节美妆9折', '折扣', 0.10, 0, 20250301, 20250308),
    ('PROM2504', '2025春季焕新运动户外85折', '折扣', 0.15, 0, 20250315, 20250415),
    ('PROM2505', '2025吃货节零食满99减20', '满减', 0.00, 99.00, 20250501, 20250515),
    ('PROM2506', '2025五一假期消费券', '优惠券', 0.10, 0, 20250501, 20250505),
    ('PROM2507', '2025六一儿童节母婴满200减40', '满减', 0.00, 200.00, 20250525, 20250603),
    ('PROM2508', '2025年618母婴品类满减', '满减', 0.00, 400.00, 20250601, 20250618),
    ('PROM2509', '2025年618全场8折', '折扣', 0.20, 0, 20250601, 20250618),
    ('PROM2510', '2025清凉一夏饮料满50减10', '满减', 0.00, 50.00, 20250701, 20250731),
    ('PROM2511', '2025七夕情人节美妆秒杀', '秒杀', 0.40, 0, 20250810, 20250810),
    ('PROM2512', '2025开学季图书文具满200减30', '满减', 0.00, 200.00, 20250825, 20250915),
    ('PROM2513', '2025国庆黄金周消费券', '优惠券', 0.15, 100.00, 20251001, 20251007),
    ('PROM2514', '2025双11预售定金膨胀', '折扣', 0.30, 0, 20251020, 20251110),
    ('PROM2515', '2025双11狂欢秒杀', '秒杀', 0.50, 0, 20251111, 20251111),
    ('PROM2516', '2025双12满500减100', '满减', 0.00, 500.00, 20251210, 20251212),
    ('PROM2517', '2025年终大促家电满1000减150', '满减', 0.00, 1000.00, 20251220, 20251231),
    -- 2026 H1 活动
    ('PROM2601', '2026年货节满300减50', '满减', 0.00, 300.00, 20260115, 20260205),
    ('PROM2602', '2026情人节美妆秒杀', '秒杀', 0.40, 0, 20260214, 20260214),
    ('PROM2603', '2026三八女神节美妆9折', '折扣', 0.10, 0, 20260301, 20260308),
    ('PROM2604', '2026春季焕新运动户外85折', '折扣', 0.15, 0, 20260315, 20260415),
    ('PROM2605', '2026吃货节零食满99减20', '满减', 0.00, 99.00, 20260501, 20260515),
    ('PROM2606', '2026五一假期消费券', '优惠券', 0.10, 0, 20260501, 20260505),
    ('PROM2607', '2026六一儿童节母婴满200减40', '满减', 0.00, 200.00, 20260525, 20260603),
    ('PROM2608', '2026年618母婴品类满减', '满减', 0.00, 400.00, 20260601, 20260618),
    ('PROM2609', '2026年618全场8折', '折扣', 0.20, 0, 20260601, 20260618);


DROP TABLE IF EXISTS fact_inventory;
CREATE TABLE fact_inventory
(
    inventory_id       VARCHAR(30) PRIMARY KEY,
    product_id         VARCHAR(20),
    supplier_id        VARCHAR(20),
    date_id            INT,
    stock_quantity     INT,
    unit_cost          DECIMAL(10,2),
    warehouse_location VARCHAR(50)
);


DROP TABLE IF EXISTS dim_date;
CREATE TABLE dim_date
(
    date_id INT PRIMARY KEY,
    year    INT,
    quarter VARCHAR(2),
    month   INT,
    day     INT
);

INSERT INTO dim_date (date_id, year, quarter, month, day)
VALUES (20250101, 2025, 'Q1', 1, 1),
       (20250102, 2025, 'Q1', 1, 2),
       (20250103, 2025, 'Q1', 1, 3),
       (20250104, 2025, 'Q1', 1, 4),
       (20250105, 2025, 'Q1', 1, 5),
       (20250106, 2025, 'Q1', 1, 6),
       (20250107, 2025, 'Q1', 1, 7),
       (20250108, 2025, 'Q1', 1, 8),
       (20250109, 2025, 'Q1', 1, 9),
       (20250110, 2025, 'Q1', 1, 10),
       (20250111, 2025, 'Q1', 1, 11),
       (20250112, 2025, 'Q1', 1, 12),
       (20250113, 2025, 'Q1', 1, 13),
       (20250114, 2025, 'Q1', 1, 14),
       (20250115, 2025, 'Q1', 1, 15),
       (20250116, 2025, 'Q1', 1, 16),
       (20250117, 2025, 'Q1', 1, 17),
       (20250118, 2025, 'Q1', 1, 18),
       (20250119, 2025, 'Q1', 1, 19),
       (20250120, 2025, 'Q1', 1, 20),
       (20250121, 2025, 'Q1', 1, 21),
       (20250122, 2025, 'Q1', 1, 22),
       (20250123, 2025, 'Q1', 1, 23),
       (20250124, 2025, 'Q1', 1, 24),
       (20250125, 2025, 'Q1', 1, 25),
       (20250126, 2025, 'Q1', 1, 26),
       (20250127, 2025, 'Q1', 1, 27),
       (20250128, 2025, 'Q1', 1, 28),
       (20250129, 2025, 'Q1', 1, 29),
       (20250130, 2025, 'Q1', 1, 30),
       (20250131, 2025, 'Q1', 1, 31),
       (20250201, 2025, 'Q1', 2, 1),
       (20250202, 2025, 'Q1', 2, 2),
       (20250203, 2025, 'Q1', 2, 3),
       (20250204, 2025, 'Q1', 2, 4),
       (20250205, 2025, 'Q1', 2, 5),
       (20250206, 2025, 'Q1', 2, 6),
       (20250207, 2025, 'Q1', 2, 7),
       (20250208, 2025, 'Q1', 2, 8),
       (20250209, 2025, 'Q1', 2, 9),
       (20250210, 2025, 'Q1', 2, 10),
       (20250211, 2025, 'Q1', 2, 11),
       (20250212, 2025, 'Q1', 2, 12),
       (20250213, 2025, 'Q1', 2, 13),
       (20250214, 2025, 'Q1', 2, 14),
       (20250215, 2025, 'Q1', 2, 15),
       (20250216, 2025, 'Q1', 2, 16),
       (20250217, 2025, 'Q1', 2, 17),
       (20250218, 2025, 'Q1', 2, 18),
       (20250219, 2025, 'Q1', 2, 19),
       (20250220, 2025, 'Q1', 2, 20),
       (20250221, 2025, 'Q1', 2, 21),
       (20250222, 2025, 'Q1', 2, 22),
       (20250223, 2025, 'Q1', 2, 23),
       (20250224, 2025, 'Q1', 2, 24),
       (20250225, 2025, 'Q1', 2, 25),
       (20250226, 2025, 'Q1', 2, 26),
       (20250227, 2025, 'Q1', 2, 27),
       (20250228, 2025, 'Q1', 2, 28),
       (20250301, 2025, 'Q1', 3, 1),
       (20250302, 2025, 'Q1', 3, 2),
       (20250303, 2025, 'Q1', 3, 3),
       (20250304, 2025, 'Q1', 3, 4),
       (20250305, 2025, 'Q1', 3, 5),
       (20250306, 2025, 'Q1', 3, 6),
       (20250307, 2025, 'Q1', 3, 7),
       (20250308, 2025, 'Q1', 3, 8),
       (20250309, 2025, 'Q1', 3, 9),
       (20250310, 2025, 'Q1', 3, 10),
       (20250311, 2025, 'Q1', 3, 11),
       (20250312, 2025, 'Q1', 3, 12),
       (20250313, 2025, 'Q1', 3, 13),
       (20250314, 2025, 'Q1', 3, 14),
       (20250315, 2025, 'Q1', 3, 15),
       (20250316, 2025, 'Q1', 3, 16),
       (20250317, 2025, 'Q1', 3, 17),
       (20250318, 2025, 'Q1', 3, 18),
       (20250319, 2025, 'Q1', 3, 19),
       (20250320, 2025, 'Q1', 3, 20),
       (20250321, 2025, 'Q1', 3, 21),
       (20250322, 2025, 'Q1', 3, 22),
       (20250323, 2025, 'Q1', 3, 23),
       (20250324, 2025, 'Q1', 3, 24),
       (20250325, 2025, 'Q1', 3, 25),
       (20250326, 2025, 'Q1', 3, 26),
       (20250327, 2025, 'Q1', 3, 27),
       (20250328, 2025, 'Q1', 3, 28),
       (20250329, 2025, 'Q1', 3, 29),
       (20250330, 2025, 'Q1', 3, 30),
       (20250331, 2025, 'Q1', 3, 31);


DROP TABLE IF EXISTS fact_order;
CREATE TABLE fact_order
(
    order_id       VARCHAR(30) PRIMARY KEY,
    customer_id    VARCHAR(20),
    product_id     VARCHAR(20),
    date_id        INT,
    region_id      VARCHAR(20),
    promotion_id   VARCHAR(20) DEFAULT NULL,
    order_quantity INT,
    order_amount   FLOAT
);

INSERT INTO fact_order (order_id, customer_id, product_id, date_id, region_id, promotion_id, order_quantity, order_amount)
VALUES ('ORD20250101001', 'C001', 'P001', 20250101, 'R001', NULL, 1, 8999.00),
       ('ORD20250101002', 'C005', 'P003', 20250101, 'R005', NULL, 1, 6999.00),
       ('ORD20250102001', 'C003', 'P010', 20250102, 'R002', NULL, 5, 125.00),
       ('ORD20250102002', 'C008', 'P006', 20250102, 'R004', NULL, 1, 899.00),
       ('ORD20250103001', 'C012', 'P011', 20250103, 'R003', NULL, 12, 60.00),
       ('ORD20250103002', 'C015', 'P014', 20250103, 'R005', NULL, 1, 1399.00),
       ('ORD20250104001', 'C002', 'P012', 20250104, 'R001', NULL, 8, 40.00),
       ('ORD20250105001', 'C007', 'P008', 20250105, 'R006', NULL, 2, 299.00),
       ('ORD20250106001', 'C010', 'P002', 20250106, 'R002', NULL, 1, 9499.00),
       ('ORD20250107001', 'C019', 'P013', 20250107, 'R003', NULL, 10, 35.00),
       ('ORD20250108001', 'C004', 'P005', 20250108, 'R001', NULL, 1, 3200.00),
       ('ORD20250109001', 'C011', 'P009', 20250109, 'R004', NULL, 1, 599.00),
       ('ORD20250110001', 'C006', 'P007', 20250110, 'R005', NULL, 1, 1299.00),
       ('ORD20250111001', 'C013', 'P004', 20250111, 'R002', NULL, 1, 5499.00),
       ('ORD20250112001', 'C017', 'P015', 20250112, 'R006', NULL, 1, 899.00),
       ('ORD20250113001', 'C020', 'P001', 20250113, 'R005', NULL, 1, 8999.00),
       ('ORD20250114001', 'C009', 'P010', 20250114, 'R004', NULL, 3, 75.00),
       ('ORD20250115001', 'C014', 'P003', 20250115, 'R001', 'PROM2501', 1, 6999.00),
       ('ORD20250116001', 'C001', 'P012', 20250116, 'R001', NULL, 6, 30.00),
       ('ORD20250117001', 'C005', 'P006', 20250117, 'R005', NULL, 1, 899.00),
       ('ORD20250118001', 'C003', 'P011', 20250118, 'R002', NULL, 10, 50.00),
       ('ORD20250119001', 'C008', 'P014', 20250119, 'R004', NULL, 1, 1399.00),
       ('ORD20250120001', 'C012', 'P008', 20250120, 'R003', NULL, 1, 199.00),
       ('ORD20250121001', 'C015', 'P002', 20250121, 'R005', NULL, 1, 9499.00),
       ('ORD20250122001', 'C002', 'P013', 20250122, 'R001', NULL, 12, 42.00),
       ('ORD20250123001', 'C007', 'P005', 20250123, 'R006', NULL, 1, 3200.00),
       ('ORD20250124001', 'C010', 'P009', 20250124, 'R002', NULL, 2, 1198.00),
       ('ORD20250125001', 'C019', 'P007', 20250125, 'R003', NULL, 1, 1299.00),
       ('ORD20250126001', 'C004', 'P004', 20250126, 'R001', NULL, 1, 5499.00),
       ('ORD20250127001', 'C011', 'P015', 20250127, 'R004', NULL, 1, 899.00),
       ('ORD20250128001', 'C006', 'P001', 20250128, 'R005', NULL, 1, 8999.00),
       ('ORD20250129001', 'C013', 'P010', 20250129, 'R002', NULL, 4, 100.00),
       ('ORD20250130001', 'C017', 'P003', 20250130, 'R006', NULL, 1, 6999.00),
       ('ORD20250131001', 'C020', 'P012', 20250131, 'R005', NULL, 7, 35.00),
       ('ORD20250201001', 'C009', 'P011', 20250201, 'R004', NULL, 8, 40.00),
       ('ORD20250202001', 'C014', 'P006', 20250202, 'R001', 'PROM2501', 1, 899.00),
       ('ORD20250203001', 'C001', 'P014', 20250203, 'R001', NULL, 1, 1399.00),
       ('ORD20250204001', 'C005', 'P008', 20250204, 'R005', NULL, 1, 199.00),
       ('ORD20250205001', 'C003', 'P002', 20250205, 'R002', NULL, 1, 9499.00),
       ('ORD20250206001', 'C008', 'P013', 20250206, 'R004', NULL, 9, 31.50),
       ('ORD20250207001', 'C012', 'P005', 20250207, 'R003', NULL, 1, 3200.00),
       ('ORD20250208001', 'C015', 'P009', 20250208, 'R005', NULL, 1, 599.00),
       ('ORD20250209001', 'C002', 'P007', 20250209, 'R001', NULL, 1, 1299.00),
       ('ORD20250210001', 'C007', 'P004', 20250210, 'R006', NULL, 1, 5499.00),
       ('ORD20250211001', 'C010', 'P015', 20250211, 'R002', NULL, 1, 899.00),
       ('ORD20250212001', 'C019', 'P001', 20250212, 'R003', NULL, 1, 8999.00),
       ('ORD20250213001', 'C004', 'P010', 20250213, 'R001', NULL, 6, 150.00),
       ('ORD20250214001', 'C011', 'P003', 20250214, 'R004', 'PROM2502', 1, 6999.00),
       ('ORD20250215001', 'C006', 'P012', 20250215, 'R005', NULL, 10, 50.00),
       ('ORD20250216001', 'C013', 'P011', 20250216, 'R002', NULL, 15, 75.00),
       ('ORD20250217001', 'C017', 'P006', 20250217, 'R006', NULL, 1, 899.00),
       ('ORD20250218001', 'C020', 'P014', 20250218, 'R005', NULL, 1, 1399.00),
       ('ORD20250219001', 'C009', 'P008', 20250219, 'R004', NULL, 2, 398.00),
       ('ORD20250220001', 'C014', 'P002', 20250220, 'R001', NULL, 1, 9499.00),
       ('ORD20250221001', 'C001', 'P013', 20250221, 'R001', NULL, 11, 38.50),
       ('ORD20250222001', 'C005', 'P005', 20250222, 'R005', NULL, 1, 3200.00),
       ('ORD20250223001', 'C003', 'P009', 20250223, 'R002', NULL, 1, 599.00),
       ('ORD20250224001', 'C008', 'P007', 20250224, 'R004', NULL, 1, 1299.00),
       ('ORD20250225001', 'C012', 'P004', 20250225, 'R003', NULL, 1, 5499.00),
       ('ORD20250226001', 'C015', 'P015', 20250226, 'R005', NULL, 1, 899.00),
       ('ORD20250227001', 'C002', 'P001', 20250227, 'R001', NULL, 1, 8999.00),
       ('ORD20250228001', 'C007', 'P010', 20250228, 'R006', NULL, 5, 125.00),
       ('ORD20250301001', 'C010', 'P003', 20250301, 'R002', NULL, 1, 6999.00),
       ('ORD20250302001', 'C019', 'P012', 20250302, 'R003', NULL, 9, 45.00),
       ('ORD20250303001', 'C004', 'P011', 20250303, 'R001', NULL, 10, 50.00),
       ('ORD20250304001', 'C011', 'P006', 20250304, 'R004', NULL, 1, 899.00),
       ('ORD20250305001', 'C006', 'P014', 20250305, 'R005', NULL, 1, 1399.00),
       ('ORD20250306001', 'C013', 'P008', 20250306, 'R002', NULL, 1, 199.00),
       ('ORD20250307001', 'C017', 'P002', 20250307, 'R006', NULL, 1, 9499.00),
       ('ORD20250308001', 'C020', 'P013', 20250308, 'R005', 'PROM2503', 14, 49.00),
       ('ORD20250309001', 'C009', 'P005', 20250309, 'R004', NULL, 1, 3200.00),
       ('ORD20250310001', 'C014', 'P009', 20250310, 'R001', NULL, 1, 599.00),
       ('ORD20250311001', 'C001', 'P007', 20250311, 'R001', NULL, 1, 1299.00),
       ('ORD20250312001', 'C005', 'P004', 20250312, 'R005', NULL, 1, 5499.00),
       ('ORD20250313001', 'C003', 'P015', 20250313, 'R002', NULL, 1, 899.00),
       ('ORD20250314001', 'C008', 'P001', 20250314, 'R004', NULL, 1, 8999.00),
       ('ORD20250315001', 'C012', 'P010', 20250315, 'R003', NULL, 7, 175.00),
       ('ORD20250316001', 'C015', 'P003', 20250316, 'R005', NULL, 1, 6999.00),
       ('ORD20250317001', 'C002', 'P012', 20250317, 'R001', NULL, 12, 60.00),
       ('ORD20250318001', 'C007', 'P011', 20250318, 'R006', NULL, 18, 90.00),
       ('ORD20250319001', 'C010', 'P006', 20250319, 'R002', NULL, 1, 899.00),
       ('ORD20250320001', 'C019', 'P014', 20250320, 'R003', NULL, 1, 1399.00),
       ('ORD20250321001', 'C004', 'P008', 20250321, 'R001', NULL, 3, 597.00),
       ('ORD20250322001', 'C011', 'P002', 20250322, 'R004', NULL, 1, 9499.00),
       ('ORD20250323001', 'C006', 'P013', 20250323, 'R005', NULL, 16, 56.00),
       ('ORD20250324001', 'C013', 'P005', 20250324, 'R002', NULL, 1, 3200.00),
       ('ORD20250325001', 'C017', 'P009', 20250325, 'R006', NULL, 2, 1198.00),
       ('ORD20250326001', 'C020', 'P007', 20250326, 'R005', NULL, 1, 1299.00),
       ('ORD20250327001', 'C009', 'P004', 20250327, 'R004', NULL, 1, 5499.00),
       ('ORD20250328001', 'C014', 'P015', 20250328, 'R001', NULL, 1, 899.00),
       ('ORD20250329001', 'C001', 'P001', 20250329, 'R001', NULL, 1, 8999.00),
       ('ORD20250330001', 'C005', 'P010', 20250330, 'R005', NULL, 4, 100.00),
       ('ORD20250331001', 'C003', 'P003', 20250331, 'R002', NULL, 1, 6999.00),
       ('ORD20250305002', 'C007', 'P012', 20250305, 'R006', NULL, 20, 100.00),
       ('ORD20250312002', 'C012', 'P011', 20250312, 'R003', NULL, 24, 120.00),
       ('ORD20250318002', 'C015', 'P013', 20250318, 'R005', NULL, 30, 105.00),
       ('ORD20250325002', 'C002', 'P010', 20250325, 'R001', NULL, 10, 250.00),
       ('ORD20250330002', 'C008', 'P012', 20250330, 'R004', NULL, 15, 75.00),
       ('ORD20250210002', 'C019', 'P011', 20250210, 'R003', NULL, 20, 100.00),
       ('ORD20250120002', 'C014', 'P013', 20250120, 'R001', NULL, 25, 87.50),
       ('ORD20250105002', 'C010', 'P010', 20250105, 'R002', NULL, 8, 200.00),
       ('ORD20250220002', 'C006', 'P012', 20250220, 'R005', NULL, 18, 90.00),
       ('ORD20250301002', 'C017', 'P011', 20250301, 'R006', NULL, 30, 150.00),
       ('ORD20250315002', 'C020', 'P013', 20250315, 'R005', NULL, 22, 77.00),
       ('ORD20250130002', 'C009', 'P010', 20250130, 'R004', NULL, 6, 150.00),
       ('ORD20250228002', 'C004', 'P012', 20250228, 'R001', NULL, 14, 70.00),
       ('ORD20250322002', 'C011', 'P011', 20250322, 'R004', NULL, 16, 80.00),
       ('ORD20250329002', 'C005', 'P013', 20250329, 'R005', NULL, 18, 63.00),
       ('ORD20250110002', 'C003', 'P010', 20250110, 'R002', NULL, 5, 125.00),
       ('ORD20250205002', 'C008', 'P012', 20250205, 'R004', NULL, 12, 60.00),
       ('ORD20250310002', 'C013', 'P011', 20250310, 'R002', NULL, 20, 100.00),
       ('ORD20250125002', 'C018', 'P001', 20250125, 'R003', NULL, 1, 8999.00),
       ('ORD20250215002', 'C016', 'P003', 20250215, 'R001', NULL, 1, 6999.00),
       ('ORD20250320002', 'C018', 'P014', 20250320, 'R003', NULL, 1, 1399.00),
       ('ORD20250108002', 'C016', 'P005', 20250108, 'R001', NULL, 1, 3200.00);
