-- 由 app/scripts/gen_extra_seed.py 自动生成，请勿手改
-- 扩充数据：4 新品类商品 + Q2~Q4 日期与订单
SET NAMES utf8mb4;
USE dw;

REPLACE INTO dim_product (product_id, product_name, category, brand)
VALUES ('P016', '兰蔻小黑瓶精华 30ml', '美妆护肤', '兰蔻'),
       ('P017', '雅诗兰黛小棕瓶精华 50ml', '美妆护肤', '雅诗兰黛'),
       ('P018', '完美日记丝绒哑光口红', '美妆护肤', '完美日记'),
       ('P019', '花王妙而舒纸尿裤 L码', '母婴用品', '花王'),
       ('P020', '爱他美卓萃奶粉 3段', '母婴用品', '爱他美'),
       ('P021', '贝亲宽口径玻璃奶瓶', '母婴用品', '贝亲'),
       ('P022', '迪卡侬 Quechua 快开帐篷', '运动户外', '迪卡侬'),
       ('P023', 'Keep 天然橡胶瑜伽垫', '运动户外', 'Keep'),
       ('P024', '始祖鸟 Beta 冲锋衣', '运动户外', '始祖鸟'),
       ('P025', '《三体》全集三册', '图书文具', '读客'),
       ('P026', '晨光优品中性笔 12支装', '图书文具', '晨光'),
       ('P027', '得力多功能订书机', '图书文具', '得力');

REPLACE INTO dim_date (date_id, year, quarter, month, day)
VALUES (20250401, 2025, 'Q2', 4, 1),
       (20250402, 2025, 'Q2', 4, 2),
       (20250403, 2025, 'Q2', 4, 3),
       (20250404, 2025, 'Q2', 4, 4),
       (20250405, 2025, 'Q2', 4, 5),
       (20250406, 2025, 'Q2', 4, 6),
       (20250407, 2025, 'Q2', 4, 7),
       (20250408, 2025, 'Q2', 4, 8),
       (20250409, 2025, 'Q2', 4, 9),
       (20250410, 2025, 'Q2', 4, 10),
       (20250411, 2025, 'Q2', 4, 11),
       (20250412, 2025, 'Q2', 4, 12),
       (20250413, 2025, 'Q2', 4, 13),
       (20250414, 2025, 'Q2', 4, 14),
       (20250415, 2025, 'Q2', 4, 15),
       (20250416, 2025, 'Q2', 4, 16),
       (20250417, 2025, 'Q2', 4, 17),
       (20250418, 2025, 'Q2', 4, 18),
       (20250419, 2025, 'Q2', 4, 19),
       (20250420, 2025, 'Q2', 4, 20),
       (20250421, 2025, 'Q2', 4, 21),
       (20250422, 2025, 'Q2', 4, 22),
       (20250423, 2025, 'Q2', 4, 23),
       (20250424, 2025, 'Q2', 4, 24),
       (20250425, 2025, 'Q2', 4, 25),
       (20250426, 2025, 'Q2', 4, 26),
       (20250427, 2025, 'Q2', 4, 27),
       (20250428, 2025, 'Q2', 4, 28),
       (20250429, 2025, 'Q2', 4, 29),
       (20250430, 2025, 'Q2', 4, 30),
       (20250501, 2025, 'Q2', 5, 1),
       (20250502, 2025, 'Q2', 5, 2),
       (20250503, 2025, 'Q2', 5, 3),
       (20250504, 2025, 'Q2', 5, 4),
       (20250505, 2025, 'Q2', 5, 5),
       (20250506, 2025, 'Q2', 5, 6),
       (20250507, 2025, 'Q2', 5, 7),
       (20250508, 2025, 'Q2', 5, 8),
       (20250509, 2025, 'Q2', 5, 9),
       (20250510, 2025, 'Q2', 5, 10),
       (20250511, 2025, 'Q2', 5, 11),
       (20250512, 2025, 'Q2', 5, 12),
       (20250513, 2025, 'Q2', 5, 13),
       (20250514, 2025, 'Q2', 5, 14),
       (20250515, 2025, 'Q2', 5, 15),
       (20250516, 2025, 'Q2', 5, 16),
       (20250517, 2025, 'Q2', 5, 17),
       (20250518, 2025, 'Q2', 5, 18),
       (20250519, 2025, 'Q2', 5, 19),
       (20250520, 2025, 'Q2', 5, 20),
       (20250521, 2025, 'Q2', 5, 21),
       (20250522, 2025, 'Q2', 5, 22),
       (20250523, 2025, 'Q2', 5, 23),
       (20250524, 2025, 'Q2', 5, 24),
       (20250525, 2025, 'Q2', 5, 25),
       (20250526, 2025, 'Q2', 5, 26),
       (20250527, 2025, 'Q2', 5, 27),
       (20250528, 2025, 'Q2', 5, 28),
       (20250529, 2025, 'Q2', 5, 29),
       (20250530, 2025, 'Q2', 5, 30),
       (20250531, 2025, 'Q2', 5, 31),
       (20250601, 2025, 'Q2', 6, 1),
       (20250602, 2025, 'Q2', 6, 2),
       (20250603, 2025, 'Q2', 6, 3),
       (20250604, 2025, 'Q2', 6, 4),
       (20250605, 2025, 'Q2', 6, 5),
       (20250606, 2025, 'Q2', 6, 6),
       (20250607, 2025, 'Q2', 6, 7),
       (20250608, 2025, 'Q2', 6, 8),
       (20250609, 2025, 'Q2', 6, 9),
       (20250610, 2025, 'Q2', 6, 10),
       (20250611, 2025, 'Q2', 6, 11),
       (20250612, 2025, 'Q2', 6, 12),
       (20250613, 2025, 'Q2', 6, 13),
       (20250614, 2025, 'Q2', 6, 14),
       (20250615, 2025, 'Q2', 6, 15),
       (20250616, 2025, 'Q2', 6, 16),
       (20250617, 2025, 'Q2', 6, 17),
       (20250618, 2025, 'Q2', 6, 18),
       (20250619, 2025, 'Q2', 6, 19),
       (20250620, 2025, 'Q2', 6, 20),
       (20250621, 2025, 'Q2', 6, 21),
       (20250622, 2025, 'Q2', 6, 22),
       (20250623, 2025, 'Q2', 6, 23),
       (20250624, 2025, 'Q2', 6, 24),
       (20250625, 2025, 'Q2', 6, 25),
       (20250626, 2025, 'Q2', 6, 26),
       (20250627, 2025, 'Q2', 6, 27),
       (20250628, 2025, 'Q2', 6, 28),
       (20250629, 2025, 'Q2', 6, 29),
       (20250630, 2025, 'Q2', 6, 30),
       (20250701, 2025, 'Q3', 7, 1),
       (20250702, 2025, 'Q3', 7, 2),
       (20250703, 2025, 'Q3', 7, 3),
       (20250704, 2025, 'Q3', 7, 4),
       (20250705, 2025, 'Q3', 7, 5),
       (20250706, 2025, 'Q3', 7, 6),
       (20250707, 2025, 'Q3', 7, 7),
       (20250708, 2025, 'Q3', 7, 8),
       (20250709, 2025, 'Q3', 7, 9),
       (20250710, 2025, 'Q3', 7, 10),
       (20250711, 2025, 'Q3', 7, 11),
       (20250712, 2025, 'Q3', 7, 12),
       (20250713, 2025, 'Q3', 7, 13),
       (20250714, 2025, 'Q3', 7, 14),
       (20250715, 2025, 'Q3', 7, 15),
       (20250716, 2025, 'Q3', 7, 16),
       (20250717, 2025, 'Q3', 7, 17),
       (20250718, 2025, 'Q3', 7, 18),
       (20250719, 2025, 'Q3', 7, 19),
       (20250720, 2025, 'Q3', 7, 20),
       (20250721, 2025, 'Q3', 7, 21),
       (20250722, 2025, 'Q3', 7, 22),
       (20250723, 2025, 'Q3', 7, 23),
       (20250724, 2025, 'Q3', 7, 24),
       (20250725, 2025, 'Q3', 7, 25),
       (20250726, 2025, 'Q3', 7, 26),
       (20250727, 2025, 'Q3', 7, 27),
       (20250728, 2025, 'Q3', 7, 28),
       (20250729, 2025, 'Q3', 7, 29),
       (20250730, 2025, 'Q3', 7, 30),
       (20250731, 2025, 'Q3', 7, 31),
       (20250801, 2025, 'Q3', 8, 1),
       (20250802, 2025, 'Q3', 8, 2),
       (20250803, 2025, 'Q3', 8, 3),
       (20250804, 2025, 'Q3', 8, 4),
       (20250805, 2025, 'Q3', 8, 5),
       (20250806, 2025, 'Q3', 8, 6),
       (20250807, 2025, 'Q3', 8, 7),
       (20250808, 2025, 'Q3', 8, 8),
       (20250809, 2025, 'Q3', 8, 9),
       (20250810, 2025, 'Q3', 8, 10),
       (20250811, 2025, 'Q3', 8, 11),
       (20250812, 2025, 'Q3', 8, 12),
       (20250813, 2025, 'Q3', 8, 13),
       (20250814, 2025, 'Q3', 8, 14),
       (20250815, 2025, 'Q3', 8, 15),
       (20250816, 2025, 'Q3', 8, 16),
       (20250817, 2025, 'Q3', 8, 17),
       (20250818, 2025, 'Q3', 8, 18),
       (20250819, 2025, 'Q3', 8, 19),
       (20250820, 2025, 'Q3', 8, 20),
       (20250821, 2025, 'Q3', 8, 21),
       (20250822, 2025, 'Q3', 8, 22),
       (20250823, 2025, 'Q3', 8, 23),
       (20250824, 2025, 'Q3', 8, 24),
       (20250825, 2025, 'Q3', 8, 25),
       (20250826, 2025, 'Q3', 8, 26),
       (20250827, 2025, 'Q3', 8, 27),
       (20250828, 2025, 'Q3', 8, 28),
       (20250829, 2025, 'Q3', 8, 29),
       (20250830, 2025, 'Q3', 8, 30),
       (20250831, 2025, 'Q3', 8, 31),
       (20250901, 2025, 'Q3', 9, 1),
       (20250902, 2025, 'Q3', 9, 2),
       (20250903, 2025, 'Q3', 9, 3),
       (20250904, 2025, 'Q3', 9, 4),
       (20250905, 2025, 'Q3', 9, 5),
       (20250906, 2025, 'Q3', 9, 6),
       (20250907, 2025, 'Q3', 9, 7),
       (20250908, 2025, 'Q3', 9, 8),
       (20250909, 2025, 'Q3', 9, 9),
       (20250910, 2025, 'Q3', 9, 10),
       (20250911, 2025, 'Q3', 9, 11),
       (20250912, 2025, 'Q3', 9, 12),
       (20250913, 2025, 'Q3', 9, 13),
       (20250914, 2025, 'Q3', 9, 14),
       (20250915, 2025, 'Q3', 9, 15),
       (20250916, 2025, 'Q3', 9, 16),
       (20250917, 2025, 'Q3', 9, 17),
       (20250918, 2025, 'Q3', 9, 18),
       (20250919, 2025, 'Q3', 9, 19),
       (20250920, 2025, 'Q3', 9, 20),
       (20250921, 2025, 'Q3', 9, 21),
       (20250922, 2025, 'Q3', 9, 22),
       (20250923, 2025, 'Q3', 9, 23),
       (20250924, 2025, 'Q3', 9, 24),
       (20250925, 2025, 'Q3', 9, 25),
       (20250926, 2025, 'Q3', 9, 26),
       (20250927, 2025, 'Q3', 9, 27),
       (20250928, 2025, 'Q3', 9, 28),
       (20250929, 2025, 'Q3', 9, 29),
       (20250930, 2025, 'Q3', 9, 30),
       (20251001, 2025, 'Q4', 10, 1),
       (20251002, 2025, 'Q4', 10, 2),
       (20251003, 2025, 'Q4', 10, 3),
       (20251004, 2025, 'Q4', 10, 4),
       (20251005, 2025, 'Q4', 10, 5),
       (20251006, 2025, 'Q4', 10, 6),
       (20251007, 2025, 'Q4', 10, 7),
       (20251008, 2025, 'Q4', 10, 8),
       (20251009, 2025, 'Q4', 10, 9),
       (20251010, 2025, 'Q4', 10, 10),
       (20251011, 2025, 'Q4', 10, 11),
       (20251012, 2025, 'Q4', 10, 12),
       (20251013, 2025, 'Q4', 10, 13),
       (20251014, 2025, 'Q4', 10, 14),
       (20251015, 2025, 'Q4', 10, 15),
       (20251016, 2025, 'Q4', 10, 16),
       (20251017, 2025, 'Q4', 10, 17),
       (20251018, 2025, 'Q4', 10, 18),
       (20251019, 2025, 'Q4', 10, 19),
       (20251020, 2025, 'Q4', 10, 20),
       (20251021, 2025, 'Q4', 10, 21),
       (20251022, 2025, 'Q4', 10, 22),
       (20251023, 2025, 'Q4', 10, 23),
       (20251024, 2025, 'Q4', 10, 24),
       (20251025, 2025, 'Q4', 10, 25),
       (20251026, 2025, 'Q4', 10, 26),
       (20251027, 2025, 'Q4', 10, 27),
       (20251028, 2025, 'Q4', 10, 28),
       (20251029, 2025, 'Q4', 10, 29),
       (20251030, 2025, 'Q4', 10, 30),
       (20251031, 2025, 'Q4', 10, 31),
       (20251101, 2025, 'Q4', 11, 1),
       (20251102, 2025, 'Q4', 11, 2),
       (20251103, 2025, 'Q4', 11, 3),
       (20251104, 2025, 'Q4', 11, 4),
       (20251105, 2025, 'Q4', 11, 5),
       (20251106, 2025, 'Q4', 11, 6),
       (20251107, 2025, 'Q4', 11, 7),
       (20251108, 2025, 'Q4', 11, 8),
       (20251109, 2025, 'Q4', 11, 9),
       (20251110, 2025, 'Q4', 11, 10),
       (20251111, 2025, 'Q4', 11, 11),
       (20251112, 2025, 'Q4', 11, 12),
       (20251113, 2025, 'Q4', 11, 13),
       (20251114, 2025, 'Q4', 11, 14),
       (20251115, 2025, 'Q4', 11, 15),
       (20251116, 2025, 'Q4', 11, 16),
       (20251117, 2025, 'Q4', 11, 17),
       (20251118, 2025, 'Q4', 11, 18),
       (20251119, 2025, 'Q4', 11, 19),
       (20251120, 2025, 'Q4', 11, 20),
       (20251121, 2025, 'Q4', 11, 21),
       (20251122, 2025, 'Q4', 11, 22),
       (20251123, 2025, 'Q4', 11, 23),
       (20251124, 2025, 'Q4', 11, 24),
       (20251125, 2025, 'Q4', 11, 25),
       (20251126, 2025, 'Q4', 11, 26),
       (20251127, 2025, 'Q4', 11, 27),
       (20251128, 2025, 'Q4', 11, 28),
       (20251129, 2025, 'Q4', 11, 29),
       (20251130, 2025, 'Q4', 11, 30),
       (20251201, 2025, 'Q4', 12, 1),
       (20251202, 2025, 'Q4', 12, 2),
       (20251203, 2025, 'Q4', 12, 3),
       (20251204, 2025, 'Q4', 12, 4),
       (20251205, 2025, 'Q4', 12, 5),
       (20251206, 2025, 'Q4', 12, 6),
       (20251207, 2025, 'Q4', 12, 7),
       (20251208, 2025, 'Q4', 12, 8),
       (20251209, 2025, 'Q4', 12, 9),
       (20251210, 2025, 'Q4', 12, 10),
       (20251211, 2025, 'Q4', 12, 11),
       (20251212, 2025, 'Q4', 12, 12),
       (20251213, 2025, 'Q4', 12, 13),
       (20251214, 2025, 'Q4', 12, 14),
       (20251215, 2025, 'Q4', 12, 15),
       (20251216, 2025, 'Q4', 12, 16),
       (20251217, 2025, 'Q4', 12, 17),
       (20251218, 2025, 'Q4', 12, 18),
       (20251219, 2025, 'Q4', 12, 19),
       (20251220, 2025, 'Q4', 12, 20),
       (20251221, 2025, 'Q4', 12, 21),
       (20251222, 2025, 'Q4', 12, 22),
       (20251223, 2025, 'Q4', 12, 23),
       (20251224, 2025, 'Q4', 12, 24),
       (20251225, 2025, 'Q4', 12, 25),
       (20251226, 2025, 'Q4', 12, 26),
       (20251227, 2025, 'Q4', 12, 27),
       (20251228, 2025, 'Q4', 12, 28),
       (20251229, 2025, 'Q4', 12, 29),
       (20251230, 2025, 'Q4', 12, 30),
       (20251231, 2025, 'Q4', 12, 31);

REPLACE INTO fact_order (order_id, customer_id, product_id, date_id, region_id, order_quantity, order_amount)
VALUES ('ORD20250630001', 'C008', 'P012', 20250630, 'R005', 6, 30.0),
       ('ORD20250501002', 'C005', 'P026', 20250501, 'R006', 18, 432.0),
       ('ORD20250412003', 'C011', 'P024', 20250412, 'R005', 2, 9000.0),
       ('ORD20250629004', 'C016', 'P024', 20250629, 'R005', 1, 4500.0),
       ('ORD20250404005', 'C020', 'P025', 20250404, 'R002', 1, 168.0),
       ('ORD20250529006', 'C009', 'P024', 20250529, 'R003', 2, 9000.0),
       ('ORD20250531007', 'C007', 'P017', 20250531, 'R004', 1, 850.0),
       ('ORD20250623008', 'C009', 'P016', 20250623, 'R005', 1, 1080.0),
       ('ORD20250405009', 'C014', 'P021', 20250405, 'R001', 27, 2403.0),
       ('ORD20250408010', 'C008', 'P024', 20250408, 'R002', 1, 4500.0),
       ('ORD20250416011', 'C013', 'P019', 20250416, 'R005', 1, 128.0),
       ('ORD20250628012', 'C011', 'P020', 20250628, 'R005', 3, 915.0),
       ('ORD20250525013', 'C010', 'P020', 20250525, 'R006', 1, 305.0),
       ('ORD20250430014', 'C011', 'P012', 20250430, 'R002', 18, 90.0),
       ('ORD20250505015', 'C002', 'P024', 20250505, 'R006', 1, 4500.0),
       ('ORD20250510016', 'C009', 'P005', 20250510, 'R001', 1, 3200.0),
       ('ORD20250524017', 'C018', 'P027', 20250524, 'R005', 19, 665.0),
       ('ORD20250510018', 'C014', 'P017', 20250510, 'R005', 1, 850.0),
       ('ORD20250609019', 'C002', 'P015', 20250609, 'R002', 3, 2697.0),
       ('ORD20250530020', 'C002', 'P011', 20250530, 'R006', 7, 35.0),
       ('ORD20250626021', 'C008', 'P023', 20250626, 'R003', 2, 258.0),
       ('ORD20250425022', 'C015', 'P024', 20250425, 'R006', 1, 4500.0),
       ('ORD20250619023', 'C004', 'P026', 20250619, 'R005', 12, 288.0),
       ('ORD20250428024', 'C019', 'P014', 20250428, 'R003', 1, 1399.0),
       ('ORD20250514025', 'C018', 'P003', 20250514, 'R004', 1, 6999.0),
       ('ORD20250424026', 'C016', 'P006', 20250424, 'R004', 1, 899.0),
       ('ORD20250427027', 'C015', 'P008', 20250427, 'R002', 1, 199.0),
       ('ORD20250519028', 'C020', 'P019', 20250519, 'R001', 1, 128.0),
       ('ORD20250624029', 'C003', 'P012', 20250624, 'R005', 8, 40.0),
       ('ORD20250619030', 'C019', 'P018', 20250619, 'R001', 19, 1881.0),
       ('ORD20250503031', 'C005', 'P008', 20250503, 'R001', 1, 199.0),
       ('ORD20250403032', 'C004', 'P007', 20250403, 'R001', 1, 1299.0),
       ('ORD20250502033', 'C002', 'P021', 20250502, 'R002', 10, 890.0),
       ('ORD20250413034', 'C004', 'P020', 20250413, 'R006', 2, 610.0),
       ('ORD20250602035', 'C004', 'P001', 20250602, 'R006', 1, 8999.0),
       ('ORD20250609036', 'C002', 'P027', 20250609, 'R003', 10, 350.0),
       ('ORD20250602037', 'C019', 'P008', 20250602, 'R003', 3, 597.0),
       ('ORD20250605038', 'C016', 'P014', 20250605, 'R003', 1, 1399.0),
       ('ORD20250531039', 'C016', 'P013', 20250531, 'R005', 25, 87.5),
       ('ORD20250512040', 'C008', 'P008', 20250512, 'R005', 1, 199.0),
       ('ORD20250614041', 'C011', 'P002', 20250614, 'R006', 1, 9499.0),
       ('ORD20250605042', 'C008', 'P019', 20250605, 'R003', 1, 128.0),
       ('ORD20250620043', 'C007', 'P013', 20250620, 'R006', 23, 80.5),
       ('ORD20250421044', 'C016', 'P015', 20250421, 'R005', 3, 2697.0),
       ('ORD20250417045', 'C020', 'P008', 20250417, 'R004', 1, 199.0),
       ('ORD20250512046', 'C017', 'P005', 20250512, 'R002', 1, 3200.0),
       ('ORD20250614047', 'C001', 'P022', 20250614, 'R004', 1, 199.0),
       ('ORD20250627048', 'C002', 'P020', 20250627, 'R002', 1, 305.0),
       ('ORD20250424049', 'C010', 'P007', 20250424, 'R002', 2, 2598.0),
       ('ORD20250522050', 'C019', 'P023', 20250522, 'R005', 2, 258.0),
       ('ORD20250415051', 'C015', 'P027', 20250415, 'R003', 16, 560.0),
       ('ORD20250609052', 'C001', 'P001', 20250609, 'R001', 1, 8999.0),
       ('ORD20250602053', 'C019', 'P001', 20250602, 'R003', 1, 8999.0),
       ('ORD20250507054', 'C004', 'P005', 20250507, 'R006', 1, 3200.0),
       ('ORD20250505055', 'C020', 'P026', 20250505, 'R006', 22, 528.0),
       ('ORD20250413056', 'C005', 'P006', 20250413, 'R001', 1, 899.0),
       ('ORD20250514057', 'C006', 'P004', 20250514, 'R006', 1, 5499.0),
       ('ORD20250516058', 'C001', 'P016', 20250516, 'R006', 1, 1080.0),
       ('ORD20250506059', 'C004', 'P007', 20250506, 'R005', 1, 1299.0),
       ('ORD20250510060', 'C018', 'P011', 20250510, 'R005', 14, 70.0),
       ('ORD20250609061', 'C008', 'P003', 20250609, 'R002', 2, 13998.0),
       ('ORD20250514062', 'C017', 'P018', 20250514, 'R001', 7, 693.0),
       ('ORD20250403063', 'C008', 'P015', 20250403, 'R004', 1, 899.0),
       ('ORD20250609064', 'C001', 'P013', 20250609, 'R002', 25, 87.5),
       ('ORD20250624065', 'C009', 'P026', 20250624, 'R006', 10, 240.0),
       ('ORD20250403066', 'C003', 'P022', 20250403, 'R002', 1, 199.0),
       ('ORD20250405067', 'C010', 'P020', 20250405, 'R005', 1, 305.0),
       ('ORD20250608068', 'C008', 'P019', 20250608, 'R004', 2, 256.0),
       ('ORD20250523069', 'C009', 'P015', 20250523, 'R001', 1, 899.0),
       ('ORD20250507070', 'C011', 'P003', 20250507, 'R002', 1, 6999.0),
       ('ORD20250618071', 'C001', 'P025', 20250618, 'R004', 1, 168.0),
       ('ORD20250513072', 'C016', 'P014', 20250513, 'R001', 1, 1399.0),
       ('ORD20250628073', 'C015', 'P008', 20250628, 'R001', 1, 199.0),
       ('ORD20250602074', 'C012', 'P005', 20250602, 'R003', 2, 6400.0),
       ('ORD20250603075', 'C014', 'P019', 20250603, 'R001', 1, 128.0),
       ('ORD20250423076', 'C007', 'P012', 20250423, 'R005', 9, 45.0),
       ('ORD20250608077', 'C011', 'P004', 20250608, 'R005', 2, 10998.0),
       ('ORD20250407078', 'C019', 'P008', 20250407, 'R004', 3, 597.0),
       ('ORD20250508079', 'C020', 'P020', 20250508, 'R003', 1, 305.0),
       ('ORD20250615080', 'C018', 'P026', 20250615, 'R002', 9, 216.0),
       ('ORD20250503081', 'C007', 'P013', 20250503, 'R005', 10, 35.0),
       ('ORD20250624082', 'C009', 'P004', 20250624, 'R006', 1, 5499.0),
       ('ORD20250609083', 'C012', 'P014', 20250609, 'R001', 1, 1399.0),
       ('ORD20250415084', 'C007', 'P002', 20250415, 'R002', 1, 9499.0),
       ('ORD20250527085', 'C008', 'P016', 20250527, 'R003', 1, 1080.0),
       ('ORD20250424086', 'C003', 'P001', 20250424, 'R004', 2, 17998.0),
       ('ORD20250506087', 'C018', 'P003', 20250506, 'R006', 1, 6999.0),
       ('ORD20250428088', 'C006', 'P025', 20250428, 'R006', 3, 504.0),
       ('ORD20250511089', 'C012', 'P006', 20250511, 'R003', 3, 2697.0),
       ('ORD20250405090', 'C018', 'P016', 20250405, 'R003', 1, 1080.0),
       ('ORD20250514091', 'C012', 'P025', 20250514, 'R005', 2, 336.0),
       ('ORD20250408092', 'C006', 'P009', 20250408, 'R005', 1, 599.0),
       ('ORD20250601093', 'C012', 'P002', 20250601, 'R002', 1, 9499.0),
       ('ORD20250506094', 'C005', 'P022', 20250506, 'R001', 3, 597.0),
       ('ORD20250618095', 'C018', 'P017', 20250618, 'R002', 3, 2550.0),
       ('ORD20250805001', 'C017', 'P005', 20250805, 'R005', 1, 3200.0),
       ('ORD20250926002', 'C019', 'P020', 20250926, 'R001', 1, 305.0),
       ('ORD20250731003', 'C001', 'P008', 20250731, 'R004', 1, 199.0),
       ('ORD20250914004', 'C002', 'P001', 20250914, 'R003', 1, 8999.0),
       ('ORD20250804005', 'C001', 'P021', 20250804, 'R003', 12, 1068.0),
       ('ORD20250925006', 'C010', 'P018', 20250925, 'R006', 17, 1683.0),
       ('ORD20250923007', 'C016', 'P015', 20250923, 'R004', 2, 1798.0),
       ('ORD20250922008', 'C013', 'P003', 20250922, 'R003', 1, 6999.0),
       ('ORD20250821009', 'C010', 'P002', 20250821, 'R004', 1, 9499.0),
       ('ORD20250730010', 'C010', 'P009', 20250730, 'R006', 2, 1198.0),
       ('ORD20250925011', 'C011', 'P009', 20250925, 'R004', 1, 599.0),
       ('ORD20250808012', 'C008', 'P015', 20250808, 'R006', 1, 899.0),
       ('ORD20250909013', 'C015', 'P016', 20250909, 'R002', 1, 1080.0),
       ('ORD20250813014', 'C009', 'P025', 20250813, 'R001', 1, 168.0),
       ('ORD20250821015', 'C001', 'P015', 20250821, 'R005', 2, 1798.0),
       ('ORD20250803016', 'C011', 'P027', 20250803, 'R004', 14, 490.0),
       ('ORD20250911017', 'C006', 'P004', 20250911, 'R003', 1, 5499.0),
       ('ORD20250716018', 'C017', 'P011', 20250716, 'R005', 21, 105.0),
       ('ORD20250723019', 'C006', 'P024', 20250723, 'R003', 1, 4500.0),
       ('ORD20250721020', 'C017', 'P022', 20250721, 'R004', 1, 199.0),
       ('ORD20250921021', 'C002', 'P027', 20250921, 'R005', 17, 595.0),
       ('ORD20250904022', 'C007', 'P005', 20250904, 'R002', 1, 3200.0),
       ('ORD20250713023', 'C005', 'P006', 20250713, 'R005', 1, 899.0),
       ('ORD20250929024', 'C001', 'P001', 20250929, 'R001', 1, 8999.0),
       ('ORD20250916025', 'C015', 'P022', 20250916, 'R003', 1, 199.0),
       ('ORD20250907026', 'C013', 'P016', 20250907, 'R005', 1, 1080.0),
       ('ORD20250912027', 'C009', 'P027', 20250912, 'R006', 8, 280.0),
       ('ORD20250919028', 'C007', 'P005', 20250919, 'R002', 1, 3200.0),
       ('ORD20250909029', 'C010', 'P001', 20250909, 'R004', 1, 8999.0),
       ('ORD20250908030', 'C020', 'P005', 20250908, 'R006', 1, 3200.0),
       ('ORD20250706031', 'C018', 'P004', 20250706, 'R005', 1, 5499.0),
       ('ORD20250909032', 'C001', 'P017', 20250909, 'R006', 2, 1700.0),
       ('ORD20250723033', 'C008', 'P001', 20250723, 'R001', 1, 8999.0),
       ('ORD20250929034', 'C015', 'P001', 20250929, 'R003', 2, 17998.0),
       ('ORD20250930035', 'C004', 'P015', 20250930, 'R006', 1, 899.0),
       ('ORD20250715036', 'C010', 'P022', 20250715, 'R005', 1, 199.0),
       ('ORD20250801037', 'C005', 'P003', 20250801, 'R002', 1, 6999.0),
       ('ORD20250827038', 'C009', 'P012', 20250827, 'R004', 21, 105.0),
       ('ORD20250923039', 'C005', 'P016', 20250923, 'R002', 1, 1080.0),
       ('ORD20250919040', 'C016', 'P015', 20250919, 'R003', 1, 899.0),
       ('ORD20250824041', 'C007', 'P001', 20250824, 'R001', 2, 17998.0),
       ('ORD20250922042', 'C004', 'P024', 20250922, 'R002', 1, 4500.0),
       ('ORD20250712043', 'C016', 'P026', 20250712, 'R004', 20, 480.0),
       ('ORD20250816044', 'C009', 'P017', 20250816, 'R005', 1, 850.0),
       ('ORD20250929045', 'C017', 'P010', 20250929, 'R004', 23, 575.0),
       ('ORD20250822046', 'C019', 'P023', 20250822, 'R005', 2, 258.0),
       ('ORD20250920047', 'C018', 'P006', 20250920, 'R002', 3, 2697.0),
       ('ORD20250815048', 'C006', 'P015', 20250815, 'R004', 2, 1798.0),
       ('ORD20250722049', 'C020', 'P024', 20250722, 'R004', 1, 4500.0),
       ('ORD20250812050', 'C011', 'P016', 20250812, 'R005', 2, 2160.0),
       ('ORD20250714051', 'C009', 'P016', 20250714, 'R001', 1, 1080.0),
       ('ORD20250909052', 'C012', 'P008', 20250909, 'R004', 1, 199.0),
       ('ORD20250910053', 'C005', 'P013', 20250910, 'R005', 19, 66.5),
       ('ORD20250710054', 'C013', 'P022', 20250710, 'R002', 3, 597.0),
       ('ORD20250705055', 'C013', 'P024', 20250705, 'R002', 1, 4500.0),
       ('ORD20250822056', 'C014', 'P019', 20250822, 'R004', 1, 128.0),
       ('ORD20250829057', 'C001', 'P013', 20250829, 'R006', 8, 28.0),
       ('ORD20250815058', 'C008', 'P015', 20250815, 'R001', 1, 899.0),
       ('ORD20250816059', 'C013', 'P025', 20250816, 'R002', 1, 168.0),
       ('ORD20250913060', 'C006', 'P009', 20250913, 'R002', 1, 599.0),
       ('ORD20250831061', 'C004', 'P010', 20250831, 'R001', 12, 300.0),
       ('ORD20250801062', 'C004', 'P006', 20250801, 'R004', 1, 899.0),
       ('ORD20250708063', 'C006', 'P013', 20250708, 'R004', 26, 91.0),
       ('ORD20250806064', 'C018', 'P002', 20250806, 'R004', 1, 9499.0),
       ('ORD20250808065', 'C013', 'P001', 20250808, 'R002', 2, 17998.0),
       ('ORD20250929066', 'C008', 'P011', 20250929, 'R002', 11, 55.0),
       ('ORD20250824067', 'C017', 'P007', 20250824, 'R003', 1, 1299.0),
       ('ORD20250914068', 'C011', 'P027', 20250914, 'R001', 10, 350.0),
       ('ORD20250908069', 'C007', 'P010', 20250908, 'R004', 8, 200.0),
       ('ORD20250902070', 'C019', 'P011', 20250902, 'R003', 12, 60.0),
       ('ORD20250729071', 'C005', 'P018', 20250729, 'R001', 6, 594.0),
       ('ORD20250909072', 'C002', 'P009', 20250909, 'R003', 1, 599.0),
       ('ORD20250809073', 'C019', 'P001', 20250809, 'R004', 1, 8999.0),
       ('ORD20250714074', 'C020', 'P020', 20250714, 'R002', 1, 305.0),
       ('ORD20250907075', 'C003', 'P026', 20250907, 'R001', 11, 264.0),
       ('ORD20250815076', 'C005', 'P018', 20250815, 'R002', 30, 2970.0),
       ('ORD20250913077', 'C015', 'P004', 20250913, 'R005', 1, 5499.0),
       ('ORD20250713078', 'C007', 'P001', 20250713, 'R002', 1, 8999.0),
       ('ORD20250911079', 'C006', 'P004', 20250911, 'R006', 1, 5499.0),
       ('ORD20250827080', 'C014', 'P008', 20250827, 'R003', 1, 199.0),
       ('ORD20250721081', 'C011', 'P022', 20250721, 'R005', 3, 597.0),
       ('ORD20250907082', 'C010', 'P001', 20250907, 'R003', 1, 8999.0),
       ('ORD20250925083', 'C003', 'P020', 20250925, 'R006', 1, 305.0),
       ('ORD20250916084', 'C009', 'P023', 20250916, 'R006', 1, 129.0),
       ('ORD20250831085', 'C007', 'P001', 20250831, 'R002', 1, 8999.0),
       ('ORD20250928086', 'C019', 'P022', 20250928, 'R001', 1, 199.0),
       ('ORD20250807087', 'C018', 'P001', 20250807, 'R005', 1, 8999.0),
       ('ORD20250920088', 'C018', 'P009', 20250920, 'R005', 2, 1198.0),
       ('ORD20250926089', 'C005', 'P010', 20250926, 'R002', 17, 425.0),
       ('ORD20250809090', 'C003', 'P002', 20250809, 'R004', 1, 9499.0),
       ('ORD20250920091', 'C004', 'P025', 20250920, 'R004', 3, 504.0),
       ('ORD20250709092', 'C017', 'P003', 20250709, 'R006', 1, 6999.0),
       ('ORD20250908093', 'C003', 'P013', 20250908, 'R005', 20, 70.0),
       ('ORD20250915094', 'C007', 'P025', 20250915, 'R006', 1, 168.0),
       ('ORD20250806095', 'C004', 'P016', 20250806, 'R005', 1, 1080.0),
       ('ORD20250910096', 'C013', 'P011', 20250910, 'R001', 6, 30.0),
       ('ORD20250820097', 'C005', 'P013', 20250820, 'R005', 5, 17.5),
       ('ORD20250811098', 'C006', 'P005', 20250811, 'R001', 1, 3200.0),
       ('ORD20250720099', 'C017', 'P019', 20250720, 'R005', 1, 128.0),
       ('ORD20250816100', 'C012', 'P016', 20250816, 'R004', 1, 1080.0),
       ('ORD20250712101', 'C018', 'P021', 20250712, 'R004', 30, 2670.0),
       ('ORD20250702102', 'C009', 'P020', 20250702, 'R004', 2, 610.0),
       ('ORD20250705103', 'C014', 'P026', 20250705, 'R006', 29, 696.0),
       ('ORD20250823104', 'C002', 'P016', 20250823, 'R001', 1, 1080.0),
       ('ORD20250826105', 'C012', 'P025', 20250826, 'R005', 2, 336.0),
       ('ORD20251228001', 'C009', 'P020', 20251228, 'R006', 2, 610.0),
       ('ORD20251211002', 'C006', 'P007', 20251211, 'R001', 1, 1299.0),
       ('ORD20251231003', 'C006', 'P005', 20251231, 'R004', 1, 3200.0),
       ('ORD20251228004', 'C011', 'P012', 20251228, 'R001', 7, 35.0),
       ('ORD20251103005', 'C001', 'P024', 20251103, 'R005', 1, 4500.0),
       ('ORD20251203006', 'C011', 'P026', 20251203, 'R002', 7, 168.0),
       ('ORD20251128007', 'C004', 'P002', 20251128, 'R005', 1, 9499.0),
       ('ORD20251019008', 'C020', 'P009', 20251019, 'R006', 1, 599.0),
       ('ORD20251018009', 'C006', 'P015', 20251018, 'R004', 1, 899.0),
       ('ORD20251021010', 'C005', 'P003', 20251021, 'R001', 1, 6999.0),
       ('ORD20251014011', 'C015', 'P010', 20251014, 'R002', 24, 600.0),
       ('ORD20251106012', 'C010', 'P018', 20251106, 'R005', 16, 1584.0),
       ('ORD20251116013', 'C002', 'P011', 20251116, 'R001', 13, 65.0),
       ('ORD20251016014', 'C009', 'P004', 20251016, 'R002', 1, 5499.0),
       ('ORD20251228015', 'C007', 'P024', 20251228, 'R006', 2, 9000.0),
       ('ORD20251219016', 'C015', 'P010', 20251219, 'R005', 5, 125.0),
       ('ORD20251205017', 'C018', 'P017', 20251205, 'R004', 2, 1700.0),
       ('ORD20251017018', 'C004', 'P023', 20251017, 'R003', 2, 258.0),
       ('ORD20251113019', 'C018', 'P020', 20251113, 'R001', 3, 915.0),
       ('ORD20251009020', 'C003', 'P008', 20251009, 'R006', 2, 398.0),
       ('ORD20251106021', 'C002', 'P018', 20251106, 'R006', 19, 1881.0),
       ('ORD20251122022', 'C016', 'P002', 20251122, 'R006', 1, 9499.0),
       ('ORD20251015023', 'C018', 'P002', 20251015, 'R004', 1, 9499.0),
       ('ORD20251103024', 'C017', 'P022', 20251103, 'R005', 1, 199.0),
       ('ORD20251017025', 'C018', 'P013', 20251017, 'R001', 10, 35.0),
       ('ORD20251113026', 'C005', 'P017', 20251113, 'R001', 1, 850.0),
       ('ORD20251118027', 'C007', 'P014', 20251118, 'R005', 2, 2798.0),
       ('ORD20251228028', 'C015', 'P018', 20251228, 'R006', 18, 1782.0),
       ('ORD20251205029', 'C018', 'P001', 20251205, 'R005', 1, 8999.0),
       ('ORD20251103030', 'C008', 'P011', 20251103, 'R005', 16, 80.0),
       ('ORD20251119031', 'C014', 'P014', 20251119, 'R002', 1, 1399.0),
       ('ORD20251010032', 'C015', 'P004', 20251010, 'R002', 1, 5499.0),
       ('ORD20251225033', 'C003', 'P002', 20251225, 'R005', 1, 9499.0),
       ('ORD20251228034', 'C007', 'P014', 20251228, 'R003', 1, 1399.0),
       ('ORD20251217035', 'C018', 'P002', 20251217, 'R001', 2, 18998.0),
       ('ORD20251021036', 'C012', 'P020', 20251021, 'R006', 1, 305.0),
       ('ORD20251229037', 'C005', 'P016', 20251229, 'R005', 1, 1080.0),
       ('ORD20251213038', 'C019', 'P020', 20251213, 'R003', 2, 610.0),
       ('ORD20251231039', 'C019', 'P004', 20251231, 'R003', 1, 5499.0),
       ('ORD20251004040', 'C016', 'P022', 20251004, 'R002', 1, 199.0),
       ('ORD20251107041', 'C002', 'P010', 20251107, 'R004', 23, 575.0),
       ('ORD20251003042', 'C013', 'P018', 20251003, 'R005', 19, 1881.0),
       ('ORD20251210043', 'C007', 'P024', 20251210, 'R006', 1, 4500.0),
       ('ORD20251123044', 'C014', 'P023', 20251123, 'R003', 1, 129.0),
       ('ORD20251122045', 'C013', 'P017', 20251122, 'R001', 3, 2550.0),
       ('ORD20251110046', 'C020', 'P025', 20251110, 'R005', 2, 336.0),
       ('ORD20251221047', 'C017', 'P027', 20251221, 'R002', 7, 245.0),
       ('ORD20251222048', 'C012', 'P008', 20251222, 'R003', 2, 398.0),
       ('ORD20251008049', 'C013', 'P025', 20251008, 'R002', 2, 336.0),
       ('ORD20251118050', 'C008', 'P015', 20251118, 'R001', 1, 899.0),
       ('ORD20251218051', 'C016', 'P018', 20251218, 'R006', 23, 2277.0),
       ('ORD20251105052', 'C016', 'P008', 20251105, 'R005', 2, 398.0),
       ('ORD20251129053', 'C016', 'P017', 20251129, 'R005', 1, 850.0),
       ('ORD20251010054', 'C011', 'P002', 20251010, 'R003', 1, 9499.0),
       ('ORD20251028055', 'C008', 'P004', 20251028, 'R003', 1, 5499.0),
       ('ORD20251018056', 'C011', 'P005', 20251018, 'R002', 1, 3200.0),
       ('ORD20251021057', 'C013', 'P003', 20251021, 'R004', 1, 6999.0),
       ('ORD20251217058', 'C005', 'P003', 20251217, 'R006', 1, 6999.0),
       ('ORD20251201059', 'C010', 'P004', 20251201, 'R004', 2, 10998.0),
       ('ORD20251106060', 'C014', 'P022', 20251106, 'R002', 1, 199.0),
       ('ORD20251110061', 'C010', 'P008', 20251110, 'R004', 1, 199.0),
       ('ORD20251123062', 'C002', 'P007', 20251123, 'R006', 1, 1299.0),
       ('ORD20251218063', 'C006', 'P023', 20251218, 'R003', 2, 258.0),
       ('ORD20251222064', 'C016', 'P023', 20251222, 'R003', 2, 258.0),
       ('ORD20251019065', 'C007', 'P005', 20251019, 'R003', 1, 3200.0),
       ('ORD20251025066', 'C003', 'P003', 20251025, 'R001', 1, 6999.0),
       ('ORD20251118067', 'C011', 'P018', 20251118, 'R006', 22, 2178.0),
       ('ORD20251123068', 'C012', 'P019', 20251123, 'R003', 2, 256.0),
       ('ORD20251203069', 'C001', 'P005', 20251203, 'R003', 1, 3200.0),
       ('ORD20251101070', 'C016', 'P013', 20251101, 'R002', 22, 77.0),
       ('ORD20251026071', 'C003', 'P005', 20251026, 'R006', 1, 3200.0),
       ('ORD20251008072', 'C007', 'P022', 20251008, 'R005', 2, 398.0),
       ('ORD20251106073', 'C017', 'P001', 20251106, 'R004', 1, 8999.0),
       ('ORD20251119074', 'C011', 'P022', 20251119, 'R001', 1, 199.0),
       ('ORD20251206075', 'C017', 'P021', 20251206, 'R003', 5, 445.0),
       ('ORD20251208076', 'C017', 'P003', 20251208, 'R002', 1, 6999.0),
       ('ORD20251103077', 'C002', 'P008', 20251103, 'R006', 2, 398.0),
       ('ORD20251008078', 'C014', 'P004', 20251008, 'R006', 1, 5499.0),
       ('ORD20251011079', 'C004', 'P008', 20251011, 'R006', 2, 398.0),
       ('ORD20251111080', 'C005', 'P009', 20251111, 'R003', 1, 599.0),
       ('ORD20251229081', 'C007', 'P022', 20251229, 'R004', 1, 199.0),
       ('ORD20251224082', 'C001', 'P016', 20251224, 'R005', 1, 1080.0),
       ('ORD20251218083', 'C016', 'P020', 20251218, 'R004', 1, 305.0),
       ('ORD20251207084', 'C008', 'P019', 20251207, 'R004', 2, 256.0),
       ('ORD20251206085', 'C006', 'P013', 20251206, 'R004', 10, 35.0),
       ('ORD20251223086', 'C005', 'P008', 20251223, 'R004', 1, 199.0),
       ('ORD20251028087', 'C014', 'P006', 20251028, 'R004', 2, 1798.0),
       ('ORD20251209088', 'C001', 'P017', 20251209, 'R003', 1, 850.0),
       ('ORD20251121089', 'C009', 'P025', 20251121, 'R004', 3, 504.0),
       ('ORD20251218090', 'C011', 'P021', 20251218, 'R006', 7, 623.0),
       ('ORD20251229091', 'C019', 'P021', 20251229, 'R005', 13, 1157.0),
       ('ORD20251126092', 'C011', 'P019', 20251126, 'R006', 3, 384.0),
       ('ORD20251230093', 'C018', 'P022', 20251230, 'R005', 3, 597.0),
       ('ORD20251121094', 'C003', 'P027', 20251121, 'R004', 23, 805.0),
       ('ORD20251202095', 'C015', 'P001', 20251202, 'R005', 1, 8999.0),
       ('ORD20251217096', 'C001', 'P014', 20251217, 'R004', 1, 1399.0),
       ('ORD20251215097', 'C016', 'P014', 20251215, 'R002', 1, 1399.0),
       ('ORD20251102098', 'C009', 'P025', 20251102, 'R004', 1, 168.0),
       ('ORD20251022099', 'C012', 'P023', 20251022, 'R006', 2, 258.0),
       ('ORD20251124100', 'C001', 'P007', 20251124, 'R001', 1, 1299.0),
       ('ORD20251124101', 'C018', 'P005', 20251124, 'R002', 1, 3200.0),
       ('ORD20251002102', 'C011', 'P005', 20251002, 'R004', 1, 3200.0),
       ('ORD20251221103', 'C012', 'P009', 20251221, 'R003', 1, 599.0),
       ('ORD20251218104', 'C008', 'P021', 20251218, 'R005', 14, 1246.0),
       ('ORD20251203105', 'C015', 'P001', 20251203, 'R005', 1, 8999.0),
       ('ORD20251019106', 'C017', 'P015', 20251019, 'R004', 1, 899.0),
       ('ORD20251123107', 'C007', 'P024', 20251123, 'R005', 1, 4500.0),
       ('ORD20251121108', 'C001', 'P021', 20251121, 'R005', 27, 2403.0),
       ('ORD20251025109', 'C013', 'P023', 20251025, 'R003', 2, 258.0),
       ('ORD20251018110', 'C009', 'P025', 20251018, 'R003', 1, 168.0),
       ('ORD20251207111', 'C015', 'P025', 20251207, 'R004', 1, 168.0),
       ('ORD20251230112', 'C019', 'P025', 20251230, 'R005', 1, 168.0),
       ('ORD20251204113', 'C012', 'P015', 20251204, 'R005', 1, 899.0),
       ('ORD20251202114', 'C007', 'P003', 20251202, 'R004', 1, 6999.0),
       ('ORD20251202115', 'C015', 'P027', 20251202, 'R002', 14, 490.0),
       ('ORD20251001116', 'C015', 'P023', 20251001, 'R003', 1, 129.0),
       ('ORD20251012117', 'C002', 'P005', 20251012, 'R006', 1, 3200.0),
       ('ORD20251129118', 'C006', 'P005', 20251129, 'R002', 2, 6400.0),
       ('ORD20251214119', 'C007', 'P021', 20251214, 'R001', 19, 1691.0),
       ('ORD20251029120', 'C008', 'P010', 20251029, 'R001', 20, 500.0),
       ('ORD20251005121', 'C014', 'P016', 20251005, 'R002', 1, 1080.0),
       ('ORD20251125122', 'C009', 'P004', 20251125, 'R002', 1, 5499.0),
       ('ORD20251127123', 'C018', 'P007', 20251127, 'R006', 1, 1299.0),
       ('ORD20251207124', 'C017', 'P005', 20251207, 'R005', 1, 3200.0),
       ('ORD20251214125', 'C015', 'P007', 20251214, 'R003', 1, 1299.0),
       ('ORD20251226126', 'C006', 'P023', 20251226, 'R003', 2, 258.0),
       ('ORD20251122127', 'C006', 'P005', 20251122, 'R005', 2, 6400.0),
       ('ORD20251230128', 'C004', 'P007', 20251230, 'R001', 1, 1299.0),
       ('ORD20251118129', 'C016', 'P006', 20251118, 'R006', 1, 899.0),
       ('ORD20251024130', 'C007', 'P007', 20251024, 'R004', 1, 1299.0),
       ('ORD20251121131', 'C013', 'P023', 20251121, 'R002', 2, 258.0),
       ('ORD20251105132', 'C007', 'P012', 20251105, 'R001', 27, 135.0),
       ('ORD20251208133', 'C018', 'P012', 20251208, 'R003', 23, 115.0),
       ('ORD20251027134', 'C002', 'P010', 20251027, 'R002', 5, 125.0),
       ('ORD20251004135', 'C007', 'P018', 20251004, 'R005', 13, 1287.0),
       ('ORD20251229136', 'C017', 'P019', 20251229, 'R003', 2, 256.0),
       ('ORD20251103137', 'C020', 'P008', 20251103, 'R001', 2, 398.0),
       ('ORD20251207138', 'C012', 'P023', 20251207, 'R006', 2, 258.0),
       ('ORD20251112139', 'C007', 'P013', 20251112, 'R002', 23, 80.5),
       ('ORD20251219140', 'C006', 'P002', 20251219, 'R004', 1, 9499.0);
